﻿<?xml version="1.0"?>
<doc>
	<assembly>
		<name>UnityEditor.Graphs</name>
	</assembly>
	<members>
		<member name="T:UnityEditor.Graphs.Styles/Color">
			<summary></summary>
		</member>
		<member name="F:UnityEditor.Graphs.Styles/Color.Grey">
			<summary></summary>
		</member>
		<member name="F:UnityEditor.Graphs.Styles/Color.Gray">
			<summary></summary>
		</member>
		<member name="F:UnityEditor.Graphs.Styles/Color.Blue">
			<summary></summary>
		</member>
		<member name="F:UnityEditor.Graphs.Styles/Color.Green">
			<summary></summary>
		</member>
		<member name="F:UnityEditor.Graphs.Styles/Color.Yellow">
			<summary></summary>
		</member>
		<member name="F:UnityEditor.Graphs.Styles/Color.Red">
			<summary></summary>
		</member>
	</members>
</doc>
